Глазок дверной ГД-220(50/85)D16 GP "САЗАР";1;500.0;;306462.0;;;;;ЗАМКИ И ФУРНИТУРА;ГЛАЗКИ;Глазки дверные CАЗАР;Глазок дверной ГД-220(50/85)D16 GP "САЗАР";
Глазок дверной ГД-220(50/85)D16 АВ "САЗАР";2;500.0;;306460.0;;;;;ЗАМКИ И ФУРНИТУРА;ГЛАЗКИ;Глазки дверные CАЗАР;Глазок дверной ГД-220(50/85)D16 АВ "САЗАР";
Глазок дверной ГД-220(50/85)D16 СP "САЗАР";3;500.0;;306461.0;;;;;ЗАМКИ И ФУРНИТУРА;ГЛАЗКИ;Глазки дверные CАЗАР;Глазок дверной ГД-220(50/85)D16 СP "САЗАР";
Глазок двер. 05-32/14/180 мат. золото GALILEO DV;;300.0;;305772.0;;;;;ЗАМКИ И ФУРНИТУРА;ГЛАЗКИ;Глазки дверные GALILEO DV;;
Глазок дверной ГДШ 55-75мм МеталлоПласт Хром (25);;25.0;;309745.0;;;;;ЗАМКИ И ФУРНИТУРА;ГЛАЗКИ;Глазки дверные Вавилова г. Минск;;
Глазок дверной ГДШ Длинный 50-80мм (100) Золото;4;100.0;;304724.0;;;;;ЗАМКИ И ФУРНИТУРА;ГЛАЗКИ;Глазки дверные Вавилова г. Минск;;
Глазок дверной ГДШ Длинный 50-80мм Хром (100);5;100.0;;304725.0;;;;;ЗАМКИ И ФУРНИТУРА;ГЛАЗКИ;Глазки дверные Вавилова г. Минск;;
Глазок дверной ГДШ Длинный 50-80мм ЧернЗерк (25);6;25.0;;304726.0;;;;;ЗАМКИ И ФУРНИТУРА;ГЛАЗКИ;Глазки дверные Вавилова г. Минск;;
Глазок дверной ГДШ Короткий 35-50мм Золото (25,100);7;100.0;;304719.0;;;;;ЗАМКИ И ФУРНИТУРА;ГЛАЗКИ;Глазки дверные Вавилова г. Минск;;
Глазок дверной ГДШ Короткий 35-50мм Хром (100);8;100.0;;304720.0;;;;;ЗАМКИ И ФУРНИТУРА;ГЛАЗКИ;Глазки дверные Вавилова г. Минск;;
Глазок дверной ГДШ Короткий 35-50мм ЧернЗерк (25);9;25.0;;304806.0;;;;;ЗАМКИ И ФУРНИТУРА;ГЛАЗКИ;Глазки дверные Вавилова г. Минск;;
Глазок дверной ГДШ Средний 50-65мм Золото (100);10;100.0;;304721.0;;;;;ЗАМКИ И ФУРНИТУРА;ГЛАЗКИ;Глазки дверные Вавилова г. Минск;;
Глазок дверной ГДШ Средний 50-65мм Хром (100,25);11;100.0;;304722.0;;;;;ЗАМКИ И ФУРНИТУРА;ГЛАЗКИ;Глазки дверные Вавилова г. Минск;;
Глазок дверной ГДШ Средний 50-65мм ЧернЗерк (25);11;25.0;;304723.0;;;;;ЗАМКИ И ФУРНИТУРА;ГЛАЗКИ;Глазки дверные Вавилова г. Минск;;
Глазок дверной ГДШ-3 пластмассовый 35-50мм Черный (100);12;100.0;;304727.0;;;;;ЗАМКИ И ФУРНИТУРА;ГЛАЗКИ;Глазки дверные Вавилова г. Минск;;
Доводчик дверной Apecs DC-23/40-65-M-BR;13;10.0;;307891.0;;;;;ЗАМКИ И ФУРНИТУРА;ДОВОДЧИКИ;Доводчики Apecs;;
Доводчик дверной Apecs DC-23/40-65-M-S;14;10.0;;307892.0;;;;;ЗАМКИ И ФУРНИТУРА;ДОВОДЧИКИ;Доводчики Apecs;;
Доводчик дверной Apecs DC-23/40-65-M-W;15;10.0;;307893.0;;;;;ЗАМКИ И ФУРНИТУРА;ДОВОДЧИКИ;Доводчики Apecs;;
Доводчик дверной Apecs DC-24/60-80-M-SL;16;10.0;;307894.0;;;;;ЗАМКИ И ФУРНИТУРА;ДОВОДЧИКИ;Доводчики Apecs;;
Доводчик дверной Apecs DC-25/80-100-M-W;17;10.0;;307895.0;;;;;ЗАМКИ И ФУРНИТУРА;ДОВОДЧИКИ;Доводчики Apecs;;
Доводчик D01-050 белый "Сазар";18;10.0;;305677.0;;;;;ЗАМКИ И ФУРНИТУРА;ДОВОДЧИКИ;Доводчики CАЗАР;;
Доводчик D01-050 бронза "Сазар";19;10.0;;305680.0;;;;;ЗАМКИ И ФУРНИТУРА;ДОВОДЧИКИ;Доводчики CАЗАР;;
Доводчик D01-050 золото "Сазар";20;10.0;;305679.0;;;;;ЗАМКИ И ФУРНИТУРА;ДОВОДЧИКИ;Доводчики CАЗАР;;
Доводчик D01-050 серебро "Сазар";21;10.0;;305678.0;;;;;ЗАМКИ И ФУРНИТУРА;ДОВОДЧИКИ;Доводчики CАЗАР;;
Доводчик D01-080 белый "Сазар";22;10.0;;305681.0;;;;;ЗАМКИ И ФУРНИТУРА;ДОВОДЧИКИ;Доводчики CАЗАР;;
Доводчик D01-080 бронза "Сазар";23;10.0;;305684.0;;;;;ЗАМКИ И ФУРНИТУРА;ДОВОДЧИКИ;Доводчики CАЗАР;;
Доводчик D01-080 золото "Сазар";24;10.0;;305683.0;;;;;ЗАМКИ И ФУРНИТУРА;ДОВОДЧИКИ;Доводчики CАЗАР;;
Доводчик D01-080 серебро "Сазар";25;10.0;;305682.0;;;;;ЗАМКИ И ФУРНИТУРА;ДОВОДЧИКИ;Доводчики CАЗАР;;
Доводчик D01-100 белый "Сазар";26;10.0;;305685.0;;;;;ЗАМКИ И ФУРНИТУРА;ДОВОДЧИКИ;Доводчики CАЗАР;;
Доводчик D01-100 бронза "Сазар";27;10.0;;305688.0;;;;;ЗАМКИ И ФУРНИТУРА;ДОВОДЧИКИ;Доводчики CАЗАР;;
Доводчик D01-100 золото "Сазар";28;10.0;;305687.0;;;;;ЗАМКИ И ФУРНИТУРА;ДОВОДЧИКИ;Доводчики CАЗАР;;
Доводчик D01-120 белый "Сазар";26;10.0;;305689.0;;;;;ЗАМКИ И ФУРНИТУРА;ДОВОДЧИКИ;Доводчики CАЗАР;;
Доводчик D01-120 белый "Сазар" уценка;;10.0;;310138.0;;;;;ЗАМКИ И ФУРНИТУРА;ДОВОДЧИКИ;Доводчики CАЗАР;;
Доводчик D01-120 бронза "Сазар";27;10.0;;305692.0;;;;;ЗАМКИ И ФУРНИТУРА;ДОВОДЧИКИ;Доводчики CАЗАР;;
Доводчик D01-120 золото "Сазар";28;10.0;;305691.0;;;;;ЗАМКИ И ФУРНИТУРА;ДОВОДЧИКИ;Доводчики CАЗАР;;
Доводчик D01-120 серебро "Сазар";29;10.0;;305690.0;;;;;ЗАМКИ И ФУРНИТУРА;ДОВОДЧИКИ;Доводчики CАЗАР;;
Доводчик D01-150 белый "Сазар";30;10.0;;305693.0;;;;;ЗАМКИ И ФУРНИТУРА;ДОВОДЧИКИ;Доводчики CАЗАР;;
Доводчик D01-150 белый "Сазар" уценка;;10.0;;310139.0;;;;;ЗАМКИ И ФУРНИТУРА;ДОВОДЧИКИ;Доводчики CАЗАР;;
Доводчик D01-150 бронза "Сазар";31;10.0;;305696.0;;;;;ЗАМКИ И ФУРНИТУРА;ДОВОДЧИКИ;Доводчики CАЗАР;;
Доводчик D01-150 золото "Сазар";32;10.0;;305695.0;;;;;ЗАМКИ И ФУРНИТУРА;ДОВОДЧИКИ;Доводчики CАЗАР;;
Доводчик D01-150 серебро "Сазар";33;10.0;;305694.0;;;;;ЗАМКИ И ФУРНИТУРА;ДОВОДЧИКИ;Доводчики CАЗАР;;
Доводчик D02-050 белый "Сазар";34;10.0;;308479.0;;;;;ЗАМКИ И ФУРНИТУРА;ДОВОДЧИКИ;Доводчики CАЗАР;;
Доводчик D02-050 бронза "Сазар";35;10.0;;308482.0;;;;;ЗАМКИ И ФУРНИТУРА;ДОВОДЧИКИ;Доводчики CАЗАР;;
Доводчик D02-050 золото "Сазар";36;10.0;;308481.0;;;;;ЗАМКИ И ФУРНИТУРА;ДОВОДЧИКИ;Доводчики CАЗАР;;
Доводчик D02-050 серебро "Сазар";37;10.0;;308480.0;;;;;ЗАМКИ И ФУРНИТУРА;ДОВОДЧИКИ;Доводчики CАЗАР;;
Доводчик D02-080 белый "Сазар";38;10.0;;308483.0;;;;;ЗАМКИ И ФУРНИТУРА;ДОВОДЧИКИ;Доводчики CАЗАР;;
Доводчик D02-080 бронза "Сазар";39;10.0;;308485.0;;;;;ЗАМКИ И ФУРНИТУРА;ДОВОДЧИКИ;Доводчики CАЗАР;;
Доводчик D02-080 золото "Сазар";40;10.0;;308486.0;;;;;ЗАМКИ И ФУРНИТУРА;ДОВОДЧИКИ;Доводчики CАЗАР;;
Доводчик D02-080 серебро "Сазар";41;10.0;;308484.0;;;;;ЗАМКИ И ФУРНИТУРА;ДОВОДЧИКИ;Доводчики CАЗАР;;
Доводчик D02-100 белый "Сазар";42;10.0;;308487.0;;;;;ЗАМКИ И ФУРНИТУРА;ДОВОДЧИКИ;Доводчики CАЗАР;;
Доводчик D02-100 бронза "Сазар";43;10.0;;308490.0;;;;;ЗАМКИ И ФУРНИТУРА;ДОВОДЧИКИ;Доводчики CАЗАР;;
Доводчик D02-100 золото "Сазар";44;10.0;;308489.0;;;;;ЗАМКИ И ФУРНИТУРА;ДОВОДЧИКИ;Доводчики CАЗАР;;
Доводчик D02-100 серебро "Сазар";45;10.0;;308488.0;;;;;ЗАМКИ И ФУРНИТУРА;ДОВОДЧИКИ;Доводчики CАЗАР;;
Доводчик D02-120 белый "Сазар";46;10.0;;308491.0;;;;;ЗАМКИ И ФУРНИТУРА;ДОВОДЧИКИ;Доводчики CАЗАР;;
Доводчик D02-120 бронза "Сазар";47;10.0;;308494.0;;;;;ЗАМКИ И ФУРНИТУРА;ДОВОДЧИКИ;Доводчики CАЗАР;;
Доводчик D02-120 золото "Сазар";48;10.0;;308493.0;;;;;ЗАМКИ И ФУРНИТУРА;ДОВОДЧИКИ;Доводчики CАЗАР;;
Доводчик D02-120 серебро "Сазар";49;10.0;;308492.0;;;;;ЗАМКИ И ФУРНИТУРА;ДОВОДЧИКИ;Доводчики CАЗАР;;
Доводчик D02-150 белый "Сазар";50;10.0;;308495.0;;;;;ЗАМКИ И ФУРНИТУРА;ДОВОДЧИКИ;Доводчики CАЗАР;;
Доводчик D02-150 бронза "Сазар";47;10.0;;308498.0;;;;;ЗАМКИ И ФУРНИТУРА;ДОВОДЧИКИ;Доводчики CАЗАР;;
Доводчик D02-150 золото "Сазар";48;10.0;;308497.0;;;;;ЗАМКИ И ФУРНИТУРА;ДОВОДЧИКИ;Доводчики CАЗАР;;
Доводчик D02-150 серебро "Сазар";49;10.0;;308496.0;;;;;ЗАМКИ И ФУРНИТУРА;ДОВОДЧИКИ;Доводчики CАЗАР;;
Доводчик NOTEDO DC-040 (бронз.);51;10.0;;287308.0;;;;;ЗАМКИ И ФУРНИТУРА;ДОВОДЧИКИ;Доводчики NOTEDO;;
Доводчик NOTEDO DC-040 (золот.);52;10.0;;287310.0;;;;;ЗАМКИ И ФУРНИТУРА;ДОВОДЧИКИ;Доводчики NOTEDO;;
Доводчик NOTEDO DC-040 (сереб.);53;10.0;;287307.0;;;;;ЗАМКИ И ФУРНИТУРА;ДОВОДЧИКИ;Доводчики NOTEDO;;
Доводчик NOTEDO DC-040 (серый);54;10.0;;301934.0;;;;;ЗАМКИ И ФУРНИТУРА;ДОВОДЧИКИ;Доводчики NOTEDO;;
Доводчик NOTEDO DC-060 (белый );55;10.0;;287314.0;;;;;ЗАМКИ И ФУРНИТУРА;ДОВОДЧИКИ;Доводчики NOTEDO;;
Доводчик NOTEDO DC-060 (бронз.);56;10.0;;287312.0;;;;;ЗАМКИ И ФУРНИТУРА;ДОВОДЧИКИ;Доводчики NOTEDO;;
Доводчик NOTEDO DC-060 (золот.);57;10.0;;287313.0;;;;;ЗАМКИ И ФУРНИТУРА;ДОВОДЧИКИ;Доводчики NOTEDO;;
Доводчик NOTEDO DC-060 (сереб.);58;10.0;;287311.0;;;;;ЗАМКИ И ФУРНИТУРА;ДОВОДЧИКИ;Доводчики NOTEDO;;
Доводчик NOTEDO DC-060-II (бронз.);;10.0;;307928.0;;;;;ЗАМКИ И ФУРНИТУРА;ДОВОДЧИКИ;Доводчики NOTEDO;;
Доводчик NOTEDO DC-080 (белый);59;10.0;;301368.0;;;;;ЗАМКИ И ФУРНИТУРА;ДОВОДЧИКИ;Доводчики NOTEDO;;
Доводчик NOTEDO DC-080 (бронз.);60;10.0;;301367.0;;;;;ЗАМКИ И ФУРНИТУРА;ДОВОДЧИКИ;Доводчики NOTEDO;;
Доводчик NOTEDO DC-080 (золот.);61;10.0;;302384.0;;;;;ЗАМКИ И ФУРНИТУРА;ДОВОДЧИКИ;Доводчики NOTEDO;;
Доводчик NOTEDO DC-080 (корич.);62;10.0;;301940.0;;;;;ЗАМКИ И ФУРНИТУРА;ДОВОДЧИКИ;Доводчики NOTEDO;;
Доводчик NOTEDO DC-100 (бронз.);63;10.0;;287316.0;;;;;ЗАМКИ И ФУРНИТУРА;ДОВОДЧИКИ;Доводчики NOTEDO;;

